{
    "1": {
        "tervitused": [
            {
                "sõna": "hola",
                        "tõlge": "tere",
                        "hääldus": "OH-la"
            },
            {
                "sõna": "adios",
                "tõlge": "head aega",
                "hääldus": "ah-dee-OSS"
            }
        ],

        "viisakus": [
            {
                "sõna": "gracias",
                "tõlge": "aitäh",
                "synonyms": ["tänan"],
                "hääldus": "GRAH-si-as"
            },
            {
                "sõna": "por favor",
                "tõlge": "palun",
                "hääldus": "por fa-VOR"
            }
        ],

        "nõusolek": [
            {
                "sõna": "sí",
                "tõlge": "jah",
                "synonyms": ["ja"],
                "hääldus": "SI"
            },
            {
                "sõna": "no",
                "tõlge": "ei",
                "hääldus": "NO"
            }
        ]
    },

    "2": {
        "värvid": [
            {
                "sõna": "rojo",
                "tõlge": "punane",
                "hääldus": "RO-ho"
            },
            {
                "sõna": "azul",
                "tõlge": "sinine",
                "hääldus": "ah-SUL"
            },
            {
                "sõna": "verde",
                "tõlge": "roheline",
                "hääldus": "BEHR-deh"
            },
            {
                "sõna": "amarillo",
                "tõlge": "kollane",
                "hääldus": "a-ma-RI-yo"
            },
            {
                "sõna": "negro",
                "tõlge": "must",
                "hääldus": "NE-gro"
            },
            {
                "sõna": "blanco",
                "tõlge": "valge",
                "hääldus": "BLAHN-ko"
            },
            {
                "sõna": "gris",
                "tõlge": "hall",
                "hääldus": "GRIS"
            },
            {
                "sõna": "marrón",
                "tõlge": "pruun",
                "hääldus": "mah-RRON"
            },
            {
                "sõna": "morado",
                "tõlge": "lilla",
                "hääldus": "mo-RAH-do"
            },
            {
                "sõna": "naranja",
                "tõlge": "oranž",
                "hääldus": "nah-RAHN-ha"
            }
        ],
        
        "toidud": [
            {
                "sõna": "jamón",
                "tõlge": "sink (eriti õhukeselt lõigatud kuivatatud sink)",
                "hääldus": "ha-MON"
            },
            {
                "sõna": "chorizo",
                "tõlge": "vürtsikas vorst",
                "hääldus": "cho-REE-tho"
            },
            {
                "sõna": "aceitunas",
                "tõlge": "oliivid",
                "hääldus": "a-thay-TOO-nas"
            },
            {
                "sõna": "aceite de oliva",
                "tõlge": "oliiviõli",
                "hääldus": "a-THAY-te de o-LEE-va"
            },
            {
                "sõna": "vino tinto",
                "tõlge": "punane vein",
                "hääldus": "BEE-no TEEN-to"
            },
            {
                "sõna": "tomate",
                "tõlge": "tomat",
                "hääldus": "to-MA-te"
            },
            {
                "sõna": "ajo",
                "tõlge": "küüslauk",
                "hääldus": "A-ho"
            },
            {
                "sõna": "cebolla",
                "tõlge": "sibul",
                "hääldus": "the-BO-ya"
            },
            {
                "sõna": "huevo",
                "tõlge": "muna",
                "hääldus": "WE-bo"
            },
            {
                "sõna": "queso",
                "tõlge": "juust",
                "hääldus": "KE-so"
            },
            {
                "sõna": "pan",
                "tõlge": "leib",
                "hääldus": "pan"
            },
            {
                "sõna": "pollo",
                "tõlge": "kana",
                "hääldus": "PO-yo"
            },
            {
                "sõna": "pescado",
                "tõlge": "kala",
                "hääldus": "pes-KA-do"
            },
            {
                "sõna": "marisco",
                "tõlge": "mereannid",
                "hääldus": "ma-REES-ko"
            },
            {
                "sõna": "patata",
                "tõlge": "kartul",
                "hääldus": "pa-TA-ta"
            },
            {
                "sõna": "sal",
                "tõlge": "sool",
                "hääldus": "sal"
            },
            {
                "sõna": "naranja",
                "tõlge": "apelsin",
                "hääldus": "na-RAN-ha"
            },
            {
                "sõna": "limón",
                "tõlge": "sidrun",
                "hääldus": "lee-MON"
            },
            {
                "sõna": "uva",
                "tõlge": "viinamari",
                "hääldus": "OO-va"
            },
            {
                "sõna": "manzana",
                "tõlge": "õun",
                "hääldus": "man-THA-na"
            }
        ]
    }
}
